var2_256_VB,var2_256_VNPC,var2_512_VB,var2_512_VNPC,var2_1024_VB,var2_1024_VNPC
0.129781113,0.101660865,0.101634551,0.103282406,0.039041392,0.068173801
0.123086627,0.12393634,0.090694643,0.120660159,0.074105499,0.110687382
0.101607502,0.111944291,0.074257811,0.114769823,0.041470065,0.117893822
0.168472996,0.103324182,0.049943695,0.089765142,0.089643809,0.08408414
0.150812336,0.087909535,0.095470892,0.078769815,0.074214174,0.083902527
0.137893886,0.096100425,0.057551975,0.088878134,0.066498343,0.060081894
0.135514389,0.164904825,0.096131506,0.073939972,0.08673341,0.067390361
0.114502935,0.088757609,0.063893457,0.073970634,0.058667751,0.080008388
0.125365561,0.159652161,0.120922864,0.134990841,0.065434582,0.057535585
0.130513152,0.122939243,0.103935782,0.078794772,0.062977861,0.087375885
0.171827747,0.12950478,0.059659876,0.09628222,0.071475823,0.098848921
0.088301684,0.163150592,0.080211753,0.104639651,0.079018436,0.061044434
0.130508952,0.101338886,0.110167065,0.113320051,0.084884208,0.058663694
0.125587019,0.182856416,0.113214226,0.106969747,0.067460174,0.068265833
0.09015405,0.116683469,0.120421778,0.078620144,0.099265652,0.063508926
0.111317562,0.118473348,0.078556744,0.138663993,0.05331863,0.072442493
0.079354039,0.111912446,0.075608799,0.091040643,0.082081441,0.07698443
0.11010668,0.113474178,0.050164756,0.092509687,0.05726803,0.066484968
0.115189943,0.107265077,0.072209318,0.085335917,0.093356021,0.104953293
0.115884707,0.096272577,0.067079804,0.131246996,0.08023016,0.129982546
0.113666837,0.121345411,0.135643846,0.129571217,0.039200044,0.082533787
0.148094472,0.127360421,0.061502187,0.097558893,0.064407988,0.099875989
0.170205983,0.131587745,0.039450369,0.090437819,0.063197248,0.064462425
0.12612412,0.153624941,0.104032438,0.106764648,0.063086374,0.108033181
0.119115554,0.164512508,0.157483739,0.109863703,0.083494181,0.0998596
0.097000594,0.107312333,0.089811179,0.091157685,0.08062889,0.073325737
0.09839911,0.130865171,0.039427195,0.131069282,0.098502941,0.100470753
0.110935822,0.111170796,0.116068468,0.140124846,0.069339392,0.098571551
0.156318075,0.109745609,0.102905805,0.09139701,0.067510974,0.072894051
0.11386273,0.186551984,0.158279723,0.134159705,0.050400514,0.07859059
0.07690995,0.114452997,0.079792227,0.099614307,0.105167427,0.114666222
0.123474894,0.107118001,0.07532848,0.102868494,0.042081508,0.076051657
0.129554824,0.077111742,0.060654109,0.142437498,0.076284242,0.122672042
0.104080456,0.173071703,0.084620602,0.1293691,0.088070042,0.096932677
0.138590458,0.127489244,0.147827503,0.096062208,0.052842099,0.065573836
0.105864957,0.118523797,0.094124822,0.113195034,0.063415811,0.06690786
0.111207343,0.113973186,0.113647788,0.109349899,0.048364659,0.087444756
0.12229162,0.147434054,0.058431897,0.103442243,0.067369282,0.0913448
0.11726304,0.178945421,0.062490038,0.136184881,0.050787071,0.110429998
0.139779584,0.130115463,0.056550831,0.091696391,0.063749604,0.093674404
0.184789736,0.110389907,0.112302548,0.093645612,0.061526914,0.083146432
0.115444555,0.097644606,0.112333229,0.112631125,0.071267284,0.095863682
0.133936651,0.117427164,0.100909651,0.177998589,0.064463751,0.092166386
0.091916558,0.085875638,0.132229866,0.099716076,0.037815043,0.052691332
0.079264582,0.123204663,0.115627761,0.149176373,0.054382032,0.058377904
0.133396359,0.110859845,0.127464447,0.09689125,0.058121376,0.081676332
0.075795777,0.105665127,0.09565005,0.093165789,0.108227723,0.082109164
0.152725467,0.239060709,0.044827132,0.134565888,0.049458207,0.060719021
0.112986871,0.138037196,0.075342151,0.132020311,0.044084294,0.135996112
0.148152625,0.105287017,0.103981902,0.102137142,0.052127096,0.10086511
0.179847369,0.084842755,0.124484946,0.053813598,0.066066717,0.074511573
0.138967429,0.182549128,0.060013951,0.0782994,0.039166155,0.089342414
0.112254102,0.129793307,0.13438402,0.055892962,0.073311812,0.072605325
0.116688324,0.273918386,0.109292644,0.102125974,0.043368662,0.114655026
0.147340255,0.167616453,0.116343567,0.098010702,0.041832068,0.097752077
0.157415653,0.12204627,0.09481678,0.109760802,0.074423841,0.108322662
0.175018856,0.104544887,0.062232702,0.0937484,0.051076062,0.088026815
0.127203955,0.107726444,0.093129202,0.093151413,0.068088593,0.075356813
0.111364695,0.171671692,0.051224472,0.104171949,0.043653943,0.078951714
0.11808301,0.080907029,0.090837582,0.135066637,0.055789469,0.093720342
0.092911736,0.092680201,0.092124754,0.070646273,0.074469091,0.107781561
0.092084896,0.122203579,0.050677838,0.071618928,0.077805019,0.067366197
0.105928262,0.128294199,0.066390087,0.095390361,0.050451767,0.082384517
0.14303237,0.153719226,0.089215989,0.111311443,0.101629866,0.104617308
0.153406022,0.158267284,0.092358293,0.053163319,0.053633594,0.08594858
0.144118667,0.110588508,0.066883502,0.072588546,0.072865223,0.06671081
0.113071499,0.143250679,0.11239288,0.086701289,0.125423333,0.077933023
0.054949509,0.106740252,0.130552897,0.090612501,0.06259643,0.098797637
0.172050135,0.077740006,0.133014167,0.073266661,0.04356283,0.091765421
0.120295034,0.111503626,0.062176032,0.104402324,0.087873422,0.091590146
0.100730659,0.124486215,0.086657633,0.087774888,0.055237705,0.074254596
0.113477625,0.15309762,0.1184236,0.082184168,0.0668938,0.053706557
0.16284695,0.128286809,0.062785966,0.091849648,0.052013174,0.089898909
0.104847859,0.07365867,0.099017069,0.107347217,0.06155233,0.101386283
0.086550679,0.132016391,0.120009403,0.089828349,0.042942687,0.067081363
0.138704314,0.170804421,0.100742471,0.111773655,0.049568326,0.097809705
0.133002185,0.101250723,0.063548966,0.114462566,0.067526647,0.088101613
0.110761461,0.250018691,0.10001386,0.070659909,0.064960194,0.069667808
0.120921928,0.119265116,0.04382392,0.096538721,0.072117975,0.066683498
0.095704231,0.115758403,0.09746979,0.085105172,0.089290439,0.100062163
0.122092409,0.156388503,0.076395708,0.094100108,0.06365045,0.061873955
0.104331892,0.108702528,0.112232929,0.076205828,0.05251641,0.084472964
0.208739633,0.13371488,0.116192794,0.082272894,0.066460546,0.08719762
0.109779169,0.124657966,0.032612664,0.129759581,0.07545761,0.08759804
0.141848315,0.149215177,0.085248517,0.150220169,0.046135645,0.083691283
0.136610258,0.092720535,0.096077446,0.121029681,0.060982724,0.09976692
0.109609212,0.172380255,0.069645042,0.124429213,0.042364394,0.079667345
0.098398226,0.092937391,0.076641406,0.098834119,0.052620513,0.077922537
0.148168192,0.086197536,0.077945,0.139224802,0.063473988,0.068559713
0.072125537,0.124831049,0.077740207,0.081860785,0.047226923,0.102480126
0.132611908,0.10988627,0.082904315,0.111711818,0.068939472,0.078163415
0.082450478,0.130832422,0.096723186,0.135855449,0.111206122,0.087590318
0.115865702,0.161548367,0.104729753,0.098564913,0.070733747,0.077510888
0.127646083,0.144503835,0.09746832,0.10577864,0.08570273,0.083623174
0.140096929,0.142913206,0.079234068,0.133693995,0.076207678,0.065086928
0.155355512,0.152353396,0.064400406,0.069446855,0.082108343,0.109157053
0.126075376,0.124491727,0.081424128,0.113374892,0.040474916,0.09546082
0.189628688,0.148879342,0.151381262,0.083041185,0.048426013,0.061843578
0.13212689,0.108107673,0.049720211,0.08298461,0.063368314,0.066432795
0.13611091,0.092086453,0.11934065,0.101183315,0.06891004,0.084083252
0.15132339,0.12004742,0.090805084,0.079305727,0.060858562,0.076105898
0.129404477,0.109237658,0.056724377,0.151396019,0.071562875,0.060962417
0.112400136,0.123326455,0.129592476,0.094047791,0.06289781,0.071080221
0.076687912,0.160806325,0.122801114,0.093253074,0.074221446,0.079579969
0.191633652,0.11292107,0.081837218,0.170144102,0.071754855,0.080619649
0.147637291,0.314308562,0.050741746,0.09255252,0.064426992,0.090835125
0.085722419,0.131799349,0.079801982,0.083006402,0.04843575,0.086385691
0.13806256,0.095632224,0.09830632,0.123485701,0.074545604,0.08929476
0.08893388,0.1007741,0.06084419,0.095983612,0.060943799,0.084094923
0.155746688,0.142446763,0.075840668,0.131692637,0.063682809,0.078795859
0.165471793,0.114514384,0.058346108,0.10658087,0.075301837,0.089825277
0.1341964,0.110945456,0.08839812,0.073357288,0.064207601,0.076338757
0.13971806,0.130503179,0.054841184,0.128467187,0.071161672,0.093555428
0.114511065,0.149119583,0.092270685,0.086583961,0.045937169,0.116496617
0.10798905,0.174544198,0.068107377,0.066184958,0.050846043,0.080140477
0.071311191,0.072940072,0.047143252,0.074590872,0.056613636,0.086507167
0.094904187,0.12454587,0.126690973,0.10476516,0.061375056,0.082588853
0.094991361,0.15775076,0.066139523,0.156807302,0.058797934,0.069390459
0.098358883,0.10878354,0.071692171,0.09323564,0.074293749,0.057332598
0.138789085,0.122667415,0.100870429,0.116033327,0.08292674,0.072931852
0.086216217,0.171829902,0.07388507,0.114118797,0.085561796,0.065527312
0.136144428,0.176579827,0.107532498,0.063124694,0.066433119,0.071471373
0.089151268,0.160597849,0.086997749,0.080541839,0.071204906,0.093143556
0.105731403,0.110543733,0.076391543,0.102568962,0.072228549,0.099458675
0.139888094,0.137105339,0.065434111,0.111798613,0.089255107,0.056128084
0.065284635,0.081201356,0.099688538,0.06831254,0.056345921,0.104510626
0.131413524,0.10726714,0.064388905,0.0856418,0.084844534,0.082855613
0.148768018,0.152591439,0.100840401,0.059210557,0.070727232,0.11045174
0.209383207,0.13142154,0.133902504,0.092993338,0.050992755,0.082523712
0.12806591,0.122423678,0.046503042,0.156709138,0.039280695,0.068913938
0.183193431,0.113802354,0.113843109,0.1389024,0.073361944,0.073364274
0.085233394,0.123495084,0.138347374,0.135836433,0.059166949,0.052300789
0.113288596,0.085135773,0.138443476,0.05664148,0.096644471,0.096488292
0.079674962,0.095141712,0.098888505,0.1131443,0.059328719,0.057521722
0.113529176,0.105517417,0.112075831,0.09866982,0.076323638,0.096634992
0.116750769,0.097898155,0.143218962,0.07729895,0.087697598,0.072748766
0.103218336,0.180479957,0.124243813,0.11954506,0.054502441,0.078298011
0.20098715,0.16921047,0.112895086,0.087422528,0.060627881,0.094710696
0.124873087,0.141970915,0.046954353,0.066801411,0.079854794,0.077645592
0.133443797,0.130751989,0.069911231,0.077365329,0.0486104,0.072817617
0.144166417,0.151879528,0.111116894,0.100249756,0.051143938,0.092184623
0.158594392,0.083323371,0.072729842,0.093771426,0.072538989,0.050326891
0.111086539,0.138949335,0.066710685,0.121806581,0.090618894,0.087559512
0.120547709,0.138547957,0.074139334,0.107245871,0.089092104,0.065022643
0.134347094,0.146683617,0.073072245,0.133467422,0.070372743,0.074948965
0.169364145,0.093348081,0.068423633,0.084133356,0.097606485,0.062362318
0.145935249,0.125492824,0.081173006,0.094567575,0.076970408,0.066530647
0.147421571,0.159884415,0.119974659,0.07504662,0.055295798,0.064591269
0.127675252,0.095031695,0.131371437,0.147140479,0.078893267,0.070564328
0.112109975,0.135578624,0.05387154,0.103829697,0.03594535,0.058781338
0.127403595,0.13146871,0.112752925,0.094647255,0.06950967,0.085816969
0.124817932,0.119886664,0.049210726,0.107629789,0.050548363,0.056628494
0.14901725,0.133531837,0.074124922,0.085423677,0.082063827,0.085458469
0.155967446,0.127264818,0.109540197,0.091331391,0.075771174,0.071620757
0.113234574,0.117027872,0.123216266,0.115870972,0.072003015,0.113875563
0.107685697,0.297902343,0.061547074,0.126247292,0.064208605,0.081359448
0.131155377,0.163547165,0.080480393,0.083678207,0.118130004,0.086457083
0.09831786,0.125189296,0.109625303,0.09612053,0.078505477,0.090034907
0.120259199,0.135346085,0.048604332,0.089522067,0.053672016,0.094504
0.139346568,0.072418851,0.089497958,0.144951501,0.034211425,0.109093132
0.132593534,0.108421619,0.120173136,0.1257548,0.053987378,0.078853496
0.126165299,0.068975719,0.129174736,0.108778271,0.080188623,0.124574513
0.138201121,0.115665732,0.074255665,0.148083985,0.094687422,0.046021741
0.186213982,0.133096978,0.047786191,0.117364016,0.049331943,0.094864928
0.144575254,0.145729113,0.070052748,0.071271335,0.08435572,0.099616233
0.176838397,0.118173064,0.093244171,0.070173741,0.055507228,0.120811999
0.140376172,0.115960676,0.111186883,0.102644051,0.069614412,0.071021297
0.112027692,0.124628137,0.088533193,0.087136133,0.078099615,0.055413988
0.128300204,0.111520933,0.086023346,0.054485289,0.078076853,0.095888255
0.112163659,0.122629237,0.101009877,0.071808165,0.052955611,0.081243406
0.104212822,0.172550194,0.091450024,0.109055607,0.059658027,0.085095111
0.099007924,0.132671359,0.117180895,0.110547849,0.071121066,0.068460959
0.089086484,0.104181021,0.053456746,0.088201452,0.051117123,0.082150887
0.15693434,0.172031656,0.100335561,0.094589049,0.047831197,0.061069146
0.125510008,0.182356733,0.118140106,0.064687005,0.067182809,0.095667703
0.099803136,0.09622116,0.048041369,0.121288823,0.061675464,0.057568183
0.101666388,0.123089363,0.091948686,0.12093431,0.066187039,0.045993314
0.188008246,0.115171015,0.072434648,0.114115864,0.072330751,0.095247893
0.157475057,0.100196336,0.091785037,0.098006823,0.055017727,0.070704951
0.088679902,0.109947132,0.070578295,0.121739963,0.075325549,0.072452377
0.094760418,0.26410181,0.082018764,0.090102772,0.041533046,0.09378934
0.095835692,0.119234919,0.116722665,0.109947697,0.047425817,0.062308788
0.136453979,0.138191153,0.085587597,0.13043727,0.07569273,0.071475601
0.161554848,0.156542167,0.091097889,0.087834533,0.041529502,0.057792123
0.152877627,0.183997688,0.097869705,0.101537312,0.0918254,0.115344554
0.09246178,0.137771594,0.144791747,0.090729273,0.076418506,0.090110915
0.138539553,0.095839644,0.150423896,0.104152251,0.064404813,0.062852923
0.061951505,0.116824117,0.086689311,0.086760986,0.088609698,0.05509515
0.111052081,0.139092349,0.12942896,0.116961491,0.058634257,0.053460754
0.077211261,0.104998245,0.151450875,0.085586039,0.079932297,0.095751823
0.083704359,0.085890473,0.084934792,0.070318828,0.079854017,0.109535873
0.120389796,0.188699638,0.099331804,0.144539354,0.054937519,0.078445635
0.138124181,0.247681544,0.071658302,0.053699391,0.056974075,0.060175238
0.162485176,0.13369856,0.048604662,0.144549809,0.040948338,0.077180372
0.063442463,0.106731132,0.089336436,0.092779135,0.043548713,0.139740673
0.099352766,0.238793085,0.131105566,0.097225964,0.092266561,0.06142385
0.108265308,0.14289481,0.088648141,0.087949029,0.048572955,0.075719847
0.117885418,0.111566737,0.089864759,0.122355356,0.065959357,0.077780728
0.139109868,0.158349763,0.061865631,0.060882183,0.059617409,0.108044025
0.102952738,0.129679087,0.088631527,0.079611059,0.061127134,0.07757176
0.184446988,0.117041932,0.066929536,0.097119885,0.045048917,0.095499672
0.095611918,0.092862362,0.141411494,0.110472575,0.072493141,0.102531991
0.120782497,0.134236613,0.088123887,0.067927275,0.05093218,0.068567858
0.117902958,0.142817576,0.146476039,0.122928237,0.048036887,0.070515986
0.094698188,0.159001929,0.069226962,0.060185341,0.069654234,0.094430851
0.079690223,0.14170823,0.11131074,0.115467682,0.074872983,0.075004348
0.197259503,0.112092524,0.051200516,0.088544136,0.056834337,0.083943731
0.127849406,0.131417794,0.087332049,0.119838837,0.069871854,0.083108723
0.106066913,0.140991965,0.089215,0.135362352,0.055753378,0.061874695
0.110390044,0.102626197,0.097581708,0.123555928,0.063258917,0.071989167
0.122237223,0.147101329,0.063288425,0.055281719,0.068533839,0.08158066
0.135917113,0.108751653,0.095009991,0.104649664,0.081511251,0.067990767
0.112106814,0.073826117,0.062760075,0.079916756,0.043228036,0.080204288
0.101952013,0.132744539,0.120899618,0.140232824,0.054083876,0.071260629
0.111370925,0.102090915,0.081872619,0.149621349,0.042790709,0.077299271
0.131572737,0.118655498,0.087280289,0.083479483,0.072952768,0.057724315
0.109151956,0.077918901,0.049689986,0.135885513,0.063494872,0.074882899
0.13623993,0.079274631,0.093302333,0.158260949,0.063773388,0.097767738
0.116661911,0.093869087,0.04684616,0.074395868,0.063327971,0.099090747
0.150276611,0.088148871,0.109732228,0.111582665,0.056681872,0.062825434
0.096986184,0.128760505,0.069937036,0.141568281,0.085935489,0.072751375
0.097198069,0.116539394,0.090030776,0.117032378,0.062412056,0.075704757
0.121778016,0.104869083,0.139324016,0.102550027,0.075844197,0.076683078
0.136844426,0.095384139,0.093479865,0.092799042,0.052122204,0.095236414
0.183907981,0.123500769,0.140587477,0.104929279,0.083770868,0.098181671
0.063981297,0.136739242,0.067813569,0.078034275,0.092515994,0.098874096
0.134297572,0.142139209,0.085596268,0.135958319,0.058848416,0.077273356
0.10636147,0.11418463,0.082859467,0.081831845,0.06216772,0.075263989
0.081062734,0.129944874,0.064012043,0.114216778,0.062656581,0.085761901
0.112307204,0.096480655,0.114064144,0.138815188,0.079521681,0.079897184
0.079303344,0.102551934,0.121365866,0.089868185,0.044018271,0.099213136
0.161934675,0.153669899,0.058353083,0.132863061,0.080016829,0.129244375
0.140174952,0.151275657,0.088697119,0.06430174,0.048011252,0.064334344
0.116108911,0.116628461,0.113271153,0.087119843,0.063455586,0.073246775
0.082546653,0.204783282,0.103041863,0.070569095,0.057282981,0.088081695
0.102458598,0.133865327,0.1184136,0.130268834,0.068503742,0.10066424
0.175382212,0.13249753,0.055781098,0.144479106,0.076627651,0.074994621
0.10965054,0.133078034,0.114988653,0.088557314,0.081429113,0.067770917
0.095617381,0.112948883,0.075749813,0.112644187,0.085564345,0.078319
0.088644493,0.106209165,0.054472412,0.111119811,0.065761804,0.068926909
0.089611792,0.119442659,0.066605656,0.088513757,0.067863987,0.115825233
0.146679305,0.154622532,0.109548492,0.129087441,0.039875956,0.084516333
0.142890748,0.215831686,0.066281996,0.104655025,0.051273831,0.077998168
0.08844055,0.094218123,0.140514346,0.109438593,0.082306568,0.097254519
0.098524061,0.12431552,0.11978033,0.078276225,0.065265597,0.095068616
0.12285647,0.12592372,0.10556395,0.126744412,0.058778951,0.063502729
0.096321605,0.11929601,0.118077974,0.107391828,0.042550191,0.090431802
0.109136998,0.15425326,0.13339056,0.106930554,0.063200133,0.074715939
0.139538653,0.113560351,0.053996161,0.125745667,0.059860472,0.071286353
0.09310355,0.121330703,0.084861889,0.089081419,0.064394828,0.072077436
0.144948449,0.088280289,0.098570021,0.125912615,0.077582532,0.06385972
0.142371553,0.117595792,0.087422452,0.087725415,0.067251259,0.114263956
0.129116188,0.133525273,0.129716778,0.087463052,0.047265639,0.097988981
0.147598775,0.134776997,0.112540876,0.079501793,0.072842696,0.093879087
0.113998116,0.136913083,0.075270403,0.102677609,0.054813384,0.108913391
0.140097822,0.124790794,0.127453986,0.109370374,0.041700848,0.071059763
0.127156852,0.147259669,0.062060683,0.106452263,0.086002427,0.079151332
0.165972492,0.300600371,0.10237573,0.160013466,0.045413955,0.091440055
0.175311867,0.129082134,0.128598062,0.146302736,0.073986444,0.056680917
0.103048455,0.120671368,0.070205702,0.058142654,0.078661175,0.07607082
0.099081743,0.141242682,0.085656086,0.097415458,0.048921775,0.086530133
0.101962238,0.172378128,0.124806314,0.084300336,0.053211913,0.045302745
0.081983311,0.140029009,0.074656186,0.084804947,0.063245944,0.096716174
0.117825736,0.158645334,0.130491499,0.069040119,0.0707,0.083536719
0.149849432,0.119296204,0.053327605,0.098251908,0.046458322,0.100960178
0.103640684,0.136138267,0.060995036,0.129863185,0.056440832,0.065927097
0.126318767,0.106245434,0.058024572,0.106832913,0.062403415,0.070609496
0.1146068,0.092006113,0.089103092,0.075824322,0.062634794,0.095101126
0.140851997,0.118331371,0.109606777,0.098877678,0.0707215,0.095673516
0.080364109,0.101216938,0.112636837,0.05202136,0.06074179,0.074315154
0.119621095,0.105651308,0.090718603,0.12183243,0.075742758,0.103091129
0.112574055,0.148181241,0.053688839,0.115751714,0.074679639,0.078811271
0.120333185,0.098671925,0.11496689,0.119770452,0.071276782,0.062891893
0.160906841,0.086401467,0.055273414,0.088718668,0.085790688,0.061195714
0.100401044,0.107275401,0.083193602,0.119613618,0.058622124,0.096661956
0.168864742,0.133644922,0.140304681,0.071729812,0.063004927,0.078627877
0.136340505,0.117907423,0.072376845,0.14548951,0.074690283,0.081721456
0.124142033,0.115588825,0.098139406,0.057924666,0.068390553,0.06622168
0.112351449,0.131397229,0.105465542,0.094152919,0.065515791,0.086409152
0.076965779,0.112388704,0.101169612,0.096581953,0.039426163,0.085072251
0.136868953,0.113865042,0.096629503,0.112764416,0.071530077,0.072599703
0.130668213,0.137396691,0.138683472,0.115997453,0.039196132,0.080899759
0.136808736,0.123593467,0.104945402,0.10406868,0.057166747,0.081608506
0.132574391,0.136399148,0.093699995,0.103682856,0.072418246,0.101098962
0.125395211,0.142610377,0.126252114,0.087449243,0.110017062,0.093701911
0.080374666,0.139566426,0.071324485,0.196221453,0.048250703,0.082167471
0.110669195,0.12772206,0.092799537,0.071840488,0.083141282,0.068654333
0.115205004,0.130095078,0.0560146,0.120959838,0.074286905,0.062754052
0.078311906,0.157582682,0.063639731,0.115764265,0.05598071,0.12559302
0.130979481,0.102507406,0.136769124,0.111758043,0.05946513,0.086537825
0.160979939,0.117926069,0.089254033,0.101921923,0.071366924,0.080496705
0.119463917,0.122906109,0.077434671,0.110127891,0.069807386,0.084885289
0.173929374,0.109946215,0.067965282,0.094933474,0.080274922,0.091337873
0.155005956,0.091303216,0.081282914,0.130549402,0.095395545,0.075278084
0.098414525,0.136734556,0.123986055,0.074729341,0.10174339,0.071925897
0.14502549,0.09403206,0.117700593,0.103092001,0.057933872,0.075050155
0.114824829,0.165549809,0.117370721,0.113781827,0.072236162,0.089340173
0.070520973,0.123005787,0.056261504,0.091075424,0.06595907,0.115560998
0.106429067,0.122469375,0.087768688,0.109148057,0.072015656,0.126331168
0.09360473,0.145484478,0.104063532,0.118071214,0.049446418,0.091085137
0.079593729,0.108444538,0.124334725,0.107376845,0.081364729,0.071574984
0.125813389,0.122333491,0.071851442,0.069096192,0.058332386,0.092879068
0.137330834,0.121237412,0.13754805,0.100815178,0.065234625,0.06266128
0.112139815,0.167345076,0.077322601,0.072538328,0.067206181,0.076239159
0.06009867,0.167488247,0.123878353,0.100493374,0.052741731,0.075490161
0.136482627,0.160182243,0.081807588,0.087489103,0.090350365,0.083283971
0.107691276,0.121304402,0.116252334,0.143666653,0.074813677,0.098280125
0.139726398,0.150583133,0.129814568,0.092410855,0.062477426,0.056117782
0.12629437,0.069060626,0.11486012,0.082465492,0.045745212,0.07941951
0.119014373,0.130234558,0.066192888,0.09150765,0.088107922,0.084296109
0.117551416,0.152068422,0.087608716,0.087499474,0.087810934,0.079557292
0.080684236,0.109751579,0.052457692,0.08175752,0.043728643,0.096161129
0.111585947,0.143269564,0.058224983,0.142429712,0.082967446,0.078872797
0.118470462,0.192622294,0.09963379,0.182154718,0.046558971,0.058337564
0.080760366,0.087405571,0.157743721,0.106675189,0.079890172,0.101430325
0.123670862,0.104854984,0.069834729,0.10949327,0.028867446,0.068814603
0.138820076,0.129812748,0.082471414,0.083241267,0.059508264,0.067865703
0.120482091,0.147055997,0.070339356,0.072973119,0.057891875,0.125531475
0.120862556,0.094431229,0.115896121,0.081753472,0.059771124,0.102922433
0.115761675,0.116360559,0.149662872,0.101329214,0.061900362,0.07637252
0.075594878,0.164849767,0.083778404,0.096530053,0.057638199,0.118298688
0.108078365,0.112061185,0.130000279,0.112391196,0.064626996,0.07945662
0.15316396,0.074334117,0.068779125,0.138300576,0.041219721,0.088637263
0.116091043,0.124123462,0.091215312,0.164094039,0.059288449,0.072275268
0.116344593,0.136047518,0.073272133,0.114293989,0.066675217,0.078243644
0.052381023,0.101614439,0.081356943,0.099181636,0.066021428,0.073147661
0.141377682,0.144234678,0.142718192,0.106059843,0.087930444,0.083944186
0.141928029,0.153503295,0.057210801,0.134804968,0.059902917,0.090093991
0.12263889,0.104874411,0.112410454,0.076924662,0.096967772,0.085156974
0.135428957,0.140966275,0.131643163,0.067128418,0.048093939,0.078698365
0.121034728,0.116701856,0.070576499,0.094072165,0.060149447,0.09805449
0.113122096,0.112360252,0.108702027,0.084430405,0.063136798,0.057463817
0.128982616,0.08812388,0.042484233,0.068772215,0.055105969,0.075038024
0.076842795,0.090130762,0.120145703,0.096923097,0.063380952,0.092197336
0.128418528,0.105197946,0.112433616,0.060082594,0.076318964,0.0580895
0.122515959,0.129138481,0.110950385,0.102267399,0.064826551,0.062883809
0.161411716,0.098143352,0.10948989,0.126869189,0.046372699,0.068845239
0.094203598,0.146055271,0.115384234,0.072705444,0.070139271,0.070070141
0.185473528,0.10239548,0.102371639,0.13475017,0.048036282,0.099077755
0.148813582,0.11541657,0.081707609,0.072061091,0.046005252,0.094272143
0.14544982,0.129874249,0.083536637,0.094251235,0.090971607,0.089353898
0.133169051,0.117211872,0.072248758,0.101876832,0.068924172,0.075767538
0.118080261,0.124386666,0.087996843,0.113073722,0.057278902,0.073956787
0.108525343,0.13492377,0.06913205,0.09231528,0.064417371,0.084909549
0.15070469,0.151847535,0.054384521,0.108330447,0.056991086,0.070139657
0.125167686,0.106259083,0.064382837,0.087180444,0.099715142,0.063324764
0.119413694,0.127712079,0.106853715,0.126578196,0.073506225,0.100227705
0.113228336,0.160166119,0.077787836,0.090962571,0.122496636,0.070448042
0.143747587,0.122365609,0.069103304,0.05574695,0.057718948,0.070025853
0.177578247,0.099704652,0.048124561,0.10162385,0.058272636,0.095501937
0.12764149,0.12959531,0.088011269,0.09841868,0.074998424,0.070876773
0.124284226,0.119941152,0.062304129,0.121084611,0.048344079,0.08953113
0.180962484,0.10063601,0.054461012,0.199545297,0.060255142,0.089690394
0.112182405,0.138057311,0.129173839,0.103698794,0.09835616,0.094819302
0.1312758,0.136896412,0.119274744,0.077885739,0.044857513,0.112696645
0.103109762,0.096809953,0.082524475,0.164897771,0.057635939,0.091610217
0.0635487,0.109394159,0.106285669,0.143023569,0.078582192,0.083354671
0.060570575,0.125903515,0.113613488,0.106389995,0.070974535,0.088046822
0.093029625,0.166941525,0.119027364,0.173028371,0.060546334,0.122861342
0.109875326,0.090322643,0.058160522,0.076272503,0.088668553,0.107196714
0.14809104,0.179004018,0.073947363,0.114360569,0.043448813,0.090836441
0.101175475,0.078640214,0.076791362,0.122167344,0.070001695,0.078522617
0.130853215,0.095393264,0.059201521,0.11153516,0.059989605,0.074438398
0.115341526,0.08486992,0.09862846,0.129934254,0.054174835,0.087751223
0.110196167,0.137115177,0.111982965,0.049140665,0.061902693,0.100534579
0.145286333,0.100693244,0.060732712,0.094857919,0.054150896,0.076368497
0.091411535,0.143763779,0.115802389,0.103164758,0.074073611,0.068954078
0.108525092,0.120684928,0.085359314,0.10476208,0.048328551,0.120039944
0.047765552,0.108260537,0.074681599,0.109695288,0.077064901,0.088539636
0.084408528,0.149163452,0.089818419,0.101255217,0.033962602,0.099026952
0.149115253,0.133781696,0.130681907,0.115237649,0.103231363,0.090021252
0.101768984,0.113048905,0.067094353,0.133907187,0.080434258,0.072181902
0.122090258,0.128767173,0.072561416,0.101770655,0.094343855,0.098056152
0.105059601,0.09037008,0.094961741,0.120067893,0.098965997,0.077667795
0.129204792,0.102265874,0.114388505,0.098775832,0.065986414,0.057917368
0.104787256,0.106780099,0.082269213,0.086047237,0.078727789,0.08945723
0.101875397,0.158157737,0.040541271,0.102251713,0.093796782,0.102883865
0.166243291,0.148714759,0.074616799,0.151925512,0.08158672,0.08700804
0.154394758,0.106179567,0.134386724,0.094188056,0.058702213,0.077039146
0.103031263,0.132522701,0.055132161,0.110307064,0.053403545,0.098836003
0.112971874,0.100568506,0.118329063,0.082312648,0.095917455,0.095679064
0.133717212,0.123434673,0.039314104,0.125764102,0.058793576,0.074472862
0.134658999,0.13038316,0.061180153,0.131832535,0.081575348,0.0745669
0.185573078,0.121073713,0.061475763,0.087975709,0.066004697,0.095131508
0.092484778,0.112284667,0.090141681,0.093114636,0.041208086,0.073329916
0.052304348,0.092746691,0.065123839,0.081410636,0.060332383,0.052760005
0.089036713,0.202404339,0.116699933,0.117652169,0.061116349,0.060204167
0.117409916,0.13361698,0.081640389,0.099614204,0.079100761,0.07360823
0.148864192,0.088572032,0.077375086,0.119235917,0.057259357,0.089538051
0.114510129,0.113254005,0.081476847,0.092268807,0.098972269,0.094028099
0.109265328,0.13863036,0.122073518,0.096770602,0.067397902,0.080256893
0.111580614,0.119196959,0.099217376,0.081078467,0.081837286,0.072827177
0.138772505,0.132175788,0.10124339,0.109285155,0.057013734,0.070345144
0.109305385,0.113914796,0.074517812,0.11221283,0.04034233,0.066219563
0.059321595,0.105152933,0.076005186,0.091858354,0.056037561,0.084054711
0.135317754,0.15811991,0.094727602,0.124984743,0.042981665,0.072833576
0.09046974,0.129285379,0.047805537,0.101152365,0.063713825,0.06261929
0.152157931,0.079533303,0.050153804,0.138248097,0.06884671,0.083932226
0.135681925,0.178583168,0.114831009,0.073619547,0.092356356,0.097633246
0.161330039,0.172564233,0.074273572,0.160265715,0.062793888,0.084897158
0.09612409,0.099413841,0.067678905,0.084147926,0.063270941,0.059941859
0.102508882,0.088457793,0.134393054,0.115689474,0.08578522,0.089939681
0.158504311,0.110003626,0.062879946,0.066732351,0.055212748,0.114343137
0.135411125,0.16375945,0.086619126,0.125023622,0.084661286,0.067799053
0.069845208,0.121556194,0.071994334,0.093675356,0.060157283,0.07644605
0.103434458,0.131363482,0.084274765,0.14307236,0.07566262,0.070129034
0.118085185,0.090938899,0.12155349,0.116828649,0.050536094,0.087383116
0.136884352,0.097943828,0.097436777,0.089665306,0.066443998,0.051934381
0.097806937,0.096863094,0.107973705,0.179397005,0.063634668,0.053778285
0.186650438,0.132453279,0.102026506,0.07537119,0.077067332,0.066755073
0.101991003,0.105531783,0.11574337,0.093340312,0.049418103,0.075217218
0.162808126,0.134365819,0.061998369,0.082103176,0.073926139,0.077190533
0.088887556,0.248819617,0.136953505,0.10099756,0.066811244,0.09678578
0.130268463,0.182684737,0.097772202,0.113795764,0.07732952,0.077684576
0.101955271,0.139865775,0.074409175,0.064142464,0.083426147,0.070766143
0.097665217,0.226016525,0.061553748,0.111822147,0.072465246,0.059239855
0.133718663,0.137368939,0.055041755,0.096729649,0.04658955,0.076228208
0.097675375,0.129619061,0.110250431,0.120053835,0.064649968,0.114243983
0.129017649,0.080540825,0.144759008,0.118331668,0.09846884,0.099273402
0.149368438,0.083690098,0.135975527,0.128751151,0.061102554,0.085489246
0.131821938,0.134122249,0.064003392,0.093850315,0.060283183,0.085428925
0.128244199,0.130264516,0.136121071,0.101550139,0.078193498,0.106722791
0.098107008,0.120901569,0.076222234,0.103134345,0.088143413,0.067209009
0.108441837,0.121880332,0.094312079,0.085961086,0.061189353,0.048354347
0.137365531,0.174497406,0.128987276,0.083840059,0.072993949,0.084350673
0.075388586,0.147425093,0.115709522,0.085583565,0.071884734,0.102841249
0.1276701,0.146862174,0.077358795,0.074857739,0.065064674,0.075948194
0.141314839,0.139178644,0.116439594,0.115594318,0.069575958,0.101692879
0.089405441,0.113057471,0.096561195,0.172489153,0.064276437,0.064114324
0.095757565,0.132044854,0.041810944,0.091884301,0.063066678,0.074193711
0.102660881,0.117080194,0.135486381,0.081177325,0.056447184,0.045116865
0.110478104,0.135550271,0.07284186,0.095396566,0.045777051,0.077246336
0.077153482,0.173820909,0.089350073,0.102261726,0.099544253,0.100055945
0.082232817,0.125453262,0.069836437,0.083810868,0.06372437,0.062548987
0.113399844,0.136581043,0.116145522,0.088305566,0.047433469,0.097332097
0.115271669,0.107635727,0.09167999,0.11102942,0.05152961,0.080565449
0.121753658,0.180490806,0.089000797,0.147118484,0.060492115,0.074116867
0.061070825,0.126584396,0.069437053,0.100335524,0.040418452,0.084638076
0.069630258,0.127718876,0.108443284,0.10677986,0.092616672,0.078453874
0.078123782,0.098382639,0.097729804,0.086814943,0.068882773,0.075480888
0.138122178,0.112876684,0.053719854,0.096756845,0.059168396,0.074018582
0.138124364,0.113856232,0.102267369,0.112521224,0.064695445,0.085035413
0.158305159,0.12509777,0.124381395,0.086440047,0.038250167,0.088646678
0.039960636,0.141678519,0.095975358,0.062434265,0.06065936,0.100054254
0.14812245,0.123954126,0.106667509,0.114007005,0.076710324,0.071004349
0.0944315,0.160127359,0.092326383,0.132715603,0.085557167,0.067651508
0.103851692,0.105003435,0.065201882,0.107424514,0.053478761,0.07400864
0.143334135,0.134929702,0.10985178,0.094367352,0.079484511,0.063960198
0.132655644,0.114674919,0.112354194,0.104450539,0.076691674,0.142341424
0.094106514,0.127357057,0.075569808,0.086318654,0.06144004,0.102803329
0.170441724,0.118991997,0.124059003,0.118436473,0.084297644,0.101748578
0.141333199,0.133524843,0.097155659,0.094655105,0.070810177,0.079825023
0.071652395,0.117840261,0.058997823,0.131007962,0.110359018,0.065671442
0.173677995,0.129086696,0.085668014,0.094866663,0.048300352,0.097394003
0.154069149,0.129839337,0.059229227,0.111672033,0.077363392,0.052560905
0.118508334,0.100546856,0.060941609,0.112017286,0.037070188,0.059578562
0.133223381,0.116940282,0.097495043,0.135845867,0.047652318,0.090409477
0.163498125,0.1063103,0.045822958,0.060998772,0.044513364,0.070228881
0.127010004,0.166331854,0.077187649,0.122574663,0.074320285,0.057234716
0.123994216,0.087351737,0.091594039,0.097694255,0.060354103,0.048158388
0.049464426,0.128722114,0.053937868,0.106181786,0.076620436,0.071533539
0.120934194,0.156461798,0.080417534,0.139495147,0.047861621,0.090941179
0.181062996,0.114073949,0.117907709,0.076112338,0.095362408,0.089558191
0.141084948,0.232695726,0.075716629,0.071252029,0.070206768,0.086504839
0.124264802,0.109134894,0.143443815,0.121039513,0.077441531,0.109448173
0.087038984,0.098739352,0.071075384,0.1006652,0.056095318,0.068623502
0.132012406,0.162645354,0.108393418,0.115042359,0.067612032,0.073458562
0.147721484,0.103778424,0.088387334,0.134911005,0.066142243,0.077947806
0.089238062,0.139307279,0.108245192,0.104532329,0.053766166,0.07673176
0.130596304,0.108014904,0.066657601,0.1018121,0.056882909,0.086756484
0.135727891,0.124636402,0.055900881,0.080354833,0.08991549,0.086675765
0.109373805,0.133411355,0.068719249,0.094060863,0.059373044,0.084417178
0.144227075,0.149711098,0.093284935,0.123235706,0.142336527,0.08709759
0.136135118,0.102509831,0.131617742,0.097317788,0.060711244,0.085320157
0.08712056,0.129535945,0.065126013,0.119117827,0.077318922,0.086106678
0.146579066,0.132204938,0.137872098,0.106816534,0.078180707,0.080206468
0.112036563,0.113492141,0.090176296,0.118018455,0.043556284,0.080391839
0.070121967,0.083806166,0.135525491,0.091025908,0.083655957,0.089967819
0.069085311,0.148195839,0.078110146,0.094678926,0.038850706,0.104872171
0.076565948,0.119394639,0.053889461,0.073834486,0.078566581,0.088579292
0.118629132,0.081461948,0.074625111,0.102731371,0.07636476,0.058481745
0.12337945,0.130584798,0.097864542,0.091730822,0.071132588,0.06732686
0.109028192,0.158903558,0.14751917,0.085413594,0.072377993,0.077791535
0.127986956,0.154635295,0.129643465,0.067787114,0.094273389,0.074571258
0.208242015,0.148631658,0.078704412,0.119201494,0.06479496,0.107678371
0.160963818,0.149696776,0.138840701,0.093972043,0.061449392,0.087307031
0.05829004,0.159991134,0.121435032,0.090170388,0.059741822,0.090998463
0.108252887,0.131365935,0.091173069,0.082042894,0.058925285,0.086996094
0.128257391,0.137756858,0.089278173,0.128435888,0.066836925,0.080645317
0.078884668,0.1236358,0.062654316,0.114823556,0.045035822,0.043493747
0.147904694,0.131381984,0.142897618,0.09409782,0.064801246,0.053615929
0.074653627,0.151638605,0.107186056,0.135678117,0.044535949,0.082586342
0.134511385,0.128851082,0.050988913,0.084389704,0.051124831,0.060330845
0.154192009,0.110570847,0.052661311,0.111607935,0.071189012,0.053912394
0.154630937,0.139531643,0.080630199,0.097950386,0.06034554,0.085391955
0.113121098,0.102518073,0.08184364,0.095078569,0.043499115,0.066665769
0.118084596,0.102133909,0.104054617,0.096696038,0.094626806,0.105697116
0.137935647,0.145817392,0.143188391,0.071640874,0.072428181,0.105505458
0.136153435,0.130077086,0.090605963,0.120110742,0.072471896,0.074647662
0.130527999,0.13670216,0.062391487,0.108297418,0.070851684,0.071758958
